Company Name,Industry,Symbol,Series,ISIN Code,Country
360 ONE WAM Ltd.,Financial Services,360ONE,EQ,INE466L01038,India
ABB India Ltd.,Capital Goods,ABB,EQ,INE117A01022,India
ACC Ltd.,Construction Materials,ACC,EQ,INE012A01025,India
APL Apollo Tubes Ltd.,Capital Goods,APLAPOLLO,EQ,INE702C01027,India
AU Small Finance Bank Ltd.,Financial Services,AUBANK,EQ,INE949L01017,India
Adani Energy Solutions Ltd.,Power,ADANIENSOL,EQ,INE931S01010,India
Adani Enterprises Ltd.,Metals & Mining,ADANIENT,EQ,INE423A01024,India
Adani Green Energy Ltd.,Power,ADANIGREEN,EQ,INE364U01010,India
Adani Ports and Special Economic Zone Ltd.,Services,ADANIPORTS,EQ,INE742F01042,India
Adani Power Ltd.,Power,ADANIPOWER,EQ,INE814H01029,India
Adani Total Gas Ltd.,Oil Gas & Consumable Fuels,ATGL,EQ,INE399L01023,India
Aditya Birla Capital Ltd.,Financial Services,ABCAPITAL,EQ,INE674K01013,India
Alkem Laboratories Ltd.,Healthcare,ALKEM,EQ,INE540L01014,India
Ambuja Cements Ltd.,Construction Materials,AMBUJACEM,EQ,INE079A01024,India
Apollo Hospitals Enterprise Ltd.,Healthcare,APOLLOHOSP,EQ,INE437A01024,India
Ashok Leyland Ltd.,Capital Goods,ASHOKLEY,EQ,INE208A01029,India
Asian Paints Ltd.,Consumer Durables,ASIANPAINT,EQ,INE021A01026,India
Astral Ltd.,Capital Goods,ASTRAL,EQ,INE006I01046,India
Aurobindo Pharma Ltd.,Healthcare,AUROPHARMA,EQ,INE406A01037,India
Avenue Supermarts Ltd.,Consumer Services,DMART,EQ,INE192R01011,India
Axis Bank Ltd.,Financial Services,AXISBANK,EQ,INE238A01034,India
BSE Ltd.,Financial Services,BSE,EQ,INE118H01025,India
Bajaj Auto Ltd.,Automobile and Auto Components,BAJAJ-AUTO,EQ,INE917I01010,India
Bajaj Finance Ltd.,Financial Services,BAJFINANCE,EQ,INE296A01032,India
Bajaj Finserv Ltd.,Financial Services,BAJAJFINSV,EQ,INE918I01026,India
Bajaj Holdings & Investment Ltd.,Financial Services,BAJAJHLDNG,EQ,INE118A01012,India
Bajaj Housing Finance Ltd.,Financial Services,BAJAJHFL,EQ,INE377Y01014,India
Bank of Baroda,Financial Services,BANKBARODA,EQ,INE028A01039,India
Bank of India,Financial Services,BANKINDIA,EQ,INE084A01016,India
Bharat Dynamics Ltd.,Capital Goods,BDL,EQ,INE171Z01026,India
Bharat Electronics Ltd.,Capital Goods,BEL,EQ,INE263A01024,India
Bharat Forge Ltd.,Automobile and Auto Components,BHARATFORG,EQ,INE465A01025,India
Bharat Heavy Electricals Ltd.,Capital Goods,BHEL,EQ,INE257A01026,India
Bharat Petroleum Corporation Ltd.,Oil Gas & Consumable Fuels,BPCL,EQ,INE029A01011,India
Bharti Airtel Ltd.,Telecommunication,BHARTIARTL,EQ,INE397D01024,India
Bharti Hexacom Ltd.,Telecommunication,BHARTIHEXA,EQ,INE343G01021,India
Biocon Ltd.,Healthcare,BIOCON,EQ,INE376G01013,India
Blue Star Ltd.,Consumer Durables,BLUESTARCO,EQ,INE472A01039,India
Bosch Ltd.,Automobile and Auto Components,BOSCHLTD,EQ,INE323A01026,India
Britannia Industries Ltd.,Fast Moving Consumer Goods,BRITANNIA,EQ,INE216A01030,India
CG Power and Industrial Solutions Ltd.,Capital Goods,CGPOWER,EQ,INE067A01029,India
Canara Bank,Financial Services,CANBK,EQ,INE476A01022,India
Cholamandalam Investment and Finance Company Ltd.,Financial Services,CHOLAFIN,EQ,INE121A01024,India
Cipla Ltd.,Healthcare,CIPLA,EQ,INE059A01026,India
Coal India Ltd.,Oil Gas & Consumable Fuels,COALINDIA,EQ,INE522F01014,India
Cochin Shipyard Ltd.,Capital Goods,COCHINSHIP,EQ,INE704P01025,India
Coforge Ltd.,Information Technology,COFORGE,EQ,INE591G01025,India
Colgate Palmolive (India) Ltd.,Fast Moving Consumer Goods,COLPAL,EQ,INE259A01022,India
Container Corporation of India Ltd.,Services,CONCOR,EQ,INE111A01025,India
Coromandel International Ltd.,Chemicals,COROMANDEL,EQ,INE169A01031,India
Cummins India Ltd.,Capital Goods,CUMMINSIND,EQ,INE298A01020,India
DLF Ltd.,Realty,DLF,EQ,INE271C01023,India
Dabur India Ltd.,Fast Moving Consumer Goods,DABUR,EQ,INE016A01026,India
Divi's Laboratories Ltd.,Healthcare,DIVISLAB,EQ,INE361B01024,India
Dixon Technologies (India) Ltd.,Consumer Durables,DIXON,EQ,INE935N01020,India
Dr. Reddy's Laboratories Ltd.,Healthcare,DRREDDY,EQ,INE089A01031,India
Eicher Motors Ltd.,Automobile and Auto Components,EICHERMOT,EQ,INE066A01021,India
Eternal Ltd.,Consumer Services,ETERNAL,EQ,INE758T01015,India
Exide Industries Ltd.,Automobile and Auto Components,EXIDEIND,EQ,INE302A01020,India
FSN E-Commerce Ventures Ltd.,Consumer Services,NYKAA,EQ,INE388Y01029,India
Federal Bank Ltd.,Financial Services,FEDERALBNK,EQ,INE171A01029,India
Fortis Healthcare Ltd.,Healthcare,FORTIS,EQ,INE061F01013,India
GAIL (India) Ltd.,Oil Gas & Consumable Fuels,GAIL,EQ,INE129A01019,India
GMR Airports Ltd.,Services,GMRAIRPORT,EQ,INE776C01039,India
Glenmark Pharmaceuticals Ltd.,Healthcare,GLENMARK,EQ,INE935A01035,India
Godfrey Phillips India Ltd.,Fast Moving Consumer Goods,GODFRYPHLP,EQ,INE260B01028,India
Godrej Consumer Products Ltd.,Fast Moving Consumer Goods,GODREJCP,EQ,INE102D01028,India
Godrej Properties Ltd.,Realty,GODREJPROP,EQ,INE484J01027,India
Grasim Industries Ltd.,Construction Materials,GRASIM,EQ,INE047A01021,India
HCL Technologies Ltd.,Information Technology,HCLTECH,EQ,INE860A01027,India
HDFC Asset Management Company Ltd.,Financial Services,HDFCAMC,EQ,INE127D01025,India
HDFC Bank Ltd.,Financial Services,HDFCBANK,EQ,INE040A01034,India
HDFC Life Insurance Company Ltd.,Financial Services,HDFCLIFE,EQ,INE795G01014,India
Havells India Ltd.,Consumer Durables,HAVELLS,EQ,INE176B01034,India
Hero MotoCorp Ltd.,Automobile and Auto Components,HEROMOTOCO,EQ,INE158A01026,India
Hindalco Industries Ltd.,Metals & Mining,HINDALCO,EQ,INE038A01020,India
Hindustan Aeronautics Ltd.,Capital Goods,HAL,EQ,INE066F01020,India
Hindustan Petroleum Corporation Ltd.,Oil Gas & Consumable Fuels,HINDPETRO,EQ,INE094A01015,India
Hindustan Unilever Ltd.,Fast Moving Consumer Goods,HINDUNILVR,EQ,INE030A01027,India
Hindustan Zinc Ltd.,Metals & Mining,HINDZINC,EQ,INE267A01025,India
Hitachi Energy India Ltd.,Capital Goods,POWERINDIA,EQ,INE07Y701011,India
Housing & Urban Development Corporation Ltd.,Financial Services,HUDCO,EQ,INE031A01017,India
Hyundai Motor India Ltd.,Automobile and Auto Components,HYUNDAI,EQ,INE0V6F01027,India
ICICI Bank Ltd.,Financial Services,ICICIBANK,EQ,INE090A01021,India
ICICI Lombard General Insurance Company Ltd.,Financial Services,ICICIGI,EQ,INE765G01017,India
IDFC First Bank Ltd.,Financial Services,IDFCFIRSTB,EQ,INE092T01019,India
IRB Infrastructure Developers Ltd.,Construction,IRB,EQ,INE821I01022,India
ITC Hotels Ltd.,Consumer Services,ITCHOTELS,EQ,INE379A01028,India
ITC Ltd.,Fast Moving Consumer Goods,ITC,EQ,INE154A01025,India
Indian Bank,Financial Services,INDIANB,EQ,INE562A01011,India
Indian Hotels Co. Ltd.,Consumer Services,INDHOTEL,EQ,INE053A01029,India
Indian Oil Corporation Ltd.,Oil Gas & Consumable Fuels,IOC,EQ,INE242A01010,India
Indian Railway Catering And Tourism Corporation Ltd.,Consumer Services,IRCTC,EQ,INE335Y01020,India
Indian Railway Finance Corporation Ltd.,Financial Services,IRFC,EQ,INE053F01010,India
Indian Renewable Energy Development Agency Ltd.,Financial Services,IREDA,EQ,INE202E01016,India
Indraprastha Gas Ltd.,Oil Gas & Consumable Fuels,IGL,EQ,INE203G01027,India
Indus Towers Ltd.,Telecommunication,INDUSTOWER,EQ,INE121J01017,India
IndusInd Bank Ltd.,Financial Services,INDUSINDBK,EQ,INE095A01012,India
Info Edge (India) Ltd.,Consumer Services,NAUKRI,EQ,INE663F01032,India
Infosys Ltd.,Information Technology,INFY,EQ,INE009A01021,India
InterGlobe Aviation Ltd.,Services,INDIGO,EQ,INE646L01027,India
JSW Energy Ltd.,Power,JSWENERGY,EQ,INE121E01018,India
JSW Steel Ltd.,Metals & Mining,JSWSTEEL,EQ,INE019A01038,India
Jindal Steel Ltd.,Metals & Mining,JINDALSTEL,EQ,INE749A01030,India
Jio Financial Services Ltd.,Financial Services,JIOFIN,EQ,INE758E01017,India
Jubilant Foodworks Ltd.,Consumer Services,JUBLFOOD,EQ,INE797F01020,India
KEI Industries Ltd.,Capital Goods,KEI,EQ,INE878B01027,India
KPIT Technologies Ltd.,Information Technology,KPITTECH,EQ,INE04I401011,India
Kalyan Jewellers India Ltd.,Consumer Durables,KALYANKJIL,EQ,INE303R01014,India
Kotak Mahindra Bank Ltd.,Financial Services,KOTAKBANK,EQ,INE237A01036,India
L&T Finance Ltd.,Financial Services,LTF,EQ,INE498L01015,India
LIC Housing Finance Ltd.,Financial Services,LICHSGFIN,EQ,INE115A01026,India
LTIMindtree Ltd.,Information Technology,LTM,EQ,INE214T01019,India
Larsen & Toubro Ltd.,Construction,LT,EQ,INE018A01030,India
Life Insurance Corporation of India,Financial Services,LICI,EQ,INE0J1Y01017,India
Lodha Developers Ltd.,Realty,LODHA,EQ,INE670K01029,India
Lupin Ltd.,Healthcare,LUPIN,EQ,INE326A01037,India
MRF Ltd.,Automobile and Auto Components,MRF,EQ,INE883A01011,India
Mahindra & Mahindra Financial Services Ltd.,Financial Services,M&MFIN,EQ,INE774D01024,India
Mahindra & Mahindra Ltd.,Automobile and Auto Components,M&M,EQ,INE101A01026,India
Mankind Pharma Ltd.,Healthcare,MANKIND,EQ,INE634S01028,India
Marico Ltd.,Fast Moving Consumer Goods,MARICO,EQ,INE196A01026,India
Maruti Suzuki India Ltd.,Automobile and Auto Components,MARUTI,EQ,INE585B01010,India
Max Financial Services Ltd.,Financial Services,MFSL,EQ,INE180A01020,India
Max Healthcare Institute Ltd.,Healthcare,MAXHEALTH,EQ,INE027H01010,India
Mazagoan Dock Shipbuilders Ltd.,Capital Goods,MAZDOCK,EQ,INE249Z01020,India
Motilal Oswal Financial Services Ltd.,Financial Services,MOTILALOFS,EQ,INE338I01027,India
MphasiS Ltd.,Information Technology,MPHASIS,EQ,INE356A01018,India
Muthoot Finance Ltd.,Financial Services,MUTHOOTFIN,EQ,INE414G01012,India
NHPC Ltd.,Power,NHPC,EQ,INE848E01016,India
NMDC Ltd.,Metals & Mining,NMDC,EQ,INE584A01023,India
NTPC Green Energy Ltd.,Power,NTPCGREEN,EQ,INE0ONG01011,India
NTPC Ltd.,Power,NTPC,EQ,INE733E01010,India
National Aluminium Co. Ltd.,Metals & Mining,NATIONALUM,EQ,INE139A01034,India
Nestle India Ltd.,Fast Moving Consumer Goods,NESTLEIND,EQ,INE239A01024,India
Oberoi Realty Ltd.,Realty,OBEROIRLTY,EQ,INE093I01010,India
Oil & Natural Gas Corporation Ltd.,Oil Gas & Consumable Fuels,ONGC,EQ,INE213A01029,India
Oil India Ltd.,Oil Gas & Consumable Fuels,OIL,EQ,INE274J01014,India
One 97 Communications Ltd.,Financial Services,PAYTM,EQ,INE982J01020,India
Oracle Financial Services Software Ltd.,Information Technology,OFSS,EQ,INE881D01027,India
PB Fintech Ltd.,Financial Services,POLICYBZR,EQ,INE417T01026,India
PI Industries Ltd.,Chemicals,PIIND,EQ,INE603J01030,India
Page Industries Ltd.,Textiles,PAGEIND,EQ,INE761H01022,India
Patanjali Foods Ltd.,Fast Moving Consumer Goods,PATANJALI,EQ,INE619A01035,India
Persistent Systems Ltd.,Information Technology,PERSISTENT,EQ,INE262H01021,India
Phoenix Mills Ltd.,Realty,PHOENIXLTD,EQ,INE211B01039,India
Pidilite Industries Ltd.,Chemicals,PIDILITIND,EQ,INE318A01026,India
Polycab India Ltd.,Capital Goods,POLYCAB,EQ,INE455K01017,India
Power Finance Corporation Ltd.,Financial Services,PFC,EQ,INE134E01011,India
Power Grid Corporation of India Ltd.,Power,POWERGRID,EQ,INE752E01010,India
Premier Energies Ltd.,Capital Goods,PREMIERENE,EQ,INE0BS701011,India
Prestige Estates Projects Ltd.,Realty,PRESTIGE,EQ,INE811K01011,India
Punjab National Bank,Financial Services,PNB,EQ,INE160A01022,India
REC Ltd.,Financial Services,RECLTD,EQ,INE020B01018,India
Rail Vikas Nigam Ltd.,Construction,RVNL,EQ,INE415G01027,India
Reliance Industries Ltd.,Oil Gas & Consumable Fuels,RELIANCE,EQ,INE002A01018,India
SBI Cards and Payment Services Ltd.,Financial Services,SBICARD,EQ,INE018E01016,India
SBI Life Insurance Company Ltd.,Financial Services,SBILIFE,EQ,INE123W01016,India
SRF Ltd.,Chemicals,SRF,EQ,INE647A01010,India
Samvardhana Motherson International Ltd.,Automobile and Auto Components,MOTHERSON,EQ,INE775A01035,India
Shree Cement Ltd.,Construction Materials,SHREECEM,EQ,INE070A01015,India
Shriram Finance Ltd.,Financial Services,SHRIRAMFIN,EQ,INE721A01047,India
Siemens Energy India Ltd.,Capital Goods,ENRIN,EQ,INE1NPP01017,India
Siemens Ltd.,Capital Goods,SIEMENS,EQ,INE003A01024,India
Solar Industries India Ltd.,Chemicals,SOLARINDS,EQ,INE343H01029,India
Sona BLW Precision Forgings Ltd.,Automobile and Auto Components,SONACOMS,EQ,INE073K01018,India
State Bank of India,Financial Services,SBIN,EQ,INE062A01020,India
Steel Authority of India Ltd.,Metals & Mining,SAIL,EQ,INE114A01011,India
Sun Pharmaceutical Industries Ltd.,Healthcare,SUNPHARMA,EQ,INE044A01036,India
Supreme Industries Ltd.,Capital Goods,SUPREMEIND,EQ,INE195A01028,India
Suzlon Energy Ltd.,Capital Goods,SUZLON,EQ,INE040H01021,India
Swiggy Ltd.,Consumer Services,SWIGGY,EQ,INE00H001014,India
TVS Motor Company Ltd.,Automobile and Auto Components,TVSMOTOR,EQ,INE494B01023,India
Tata Communications Ltd.,Telecommunication,TATACOMM,EQ,INE151A01013,India
Tata Consultancy Services Ltd.,Information Technology,TCS,EQ,INE467B01029,India
Tata Consumer Products Ltd.,Fast Moving Consumer Goods,TATACONSUM,EQ,INE192A01025,India
Tata Elxsi Ltd.,Information Technology,TATAELXSI,EQ,INE670A01012,India
Tata Motors Passenger Vehicles Ltd.,Automobile and Auto Components,TMPV,EQ,INE155A01022,India
Tata Power Co. Ltd.,Power,TATAPOWER,EQ,INE245A01021,India
Tata Steel Ltd.,Metals & Mining,TATASTEEL,EQ,INE081A01020,India
Tata Technologies Ltd.,Information Technology,TATATECH,EQ,INE142M01025,India
Tech Mahindra Ltd.,Information Technology,TECHM,EQ,INE669C01036,India
Titan Company Ltd.,Consumer Durables,TITAN,EQ,INE280A01028,India
Torrent Pharmaceuticals Ltd.,Healthcare,TORNTPHARM,EQ,INE685A01028,India
Torrent Power Ltd.,Power,TORNTPOWER,EQ,INE813H01021,India
Trent Ltd.,Consumer Services,TRENT,EQ,INE849A01020,India
Tube Investments of India Ltd.,Automobile and Auto Components,TIINDIA,EQ,INE974X01010,India
UPL Ltd.,Chemicals,UPL,EQ,INE628A01036,India
UltraTech Cement Ltd.,Construction Materials,ULTRACEMCO,EQ,INE481G01011,India
Union Bank of India,Financial Services,UNIONBANK,EQ,INE692A01016,India
United Spirits Ltd.,Fast Moving Consumer Goods,UNITDSPR,EQ,INE854D01024,India
Varun Beverages Ltd.,Fast Moving Consumer Goods,VBL,EQ,INE200M01039,India
Vedanta Ltd.,Metals & Mining,VEDL,EQ,INE205A01025,India
Vishal Mega Mart Ltd.,Consumer Services,VMM,EQ,INE01EA01019,India
Vodafone Idea Ltd.,Telecommunication,IDEA,EQ,INE669E01016,India
Voltas Ltd.,Consumer Durables,VOLTAS,EQ,INE226A01021,India
Waaree Energies Ltd.,Capital Goods,WAAREEENER,EQ,INE377N01017,India
Wipro Ltd.,Information Technology,WIPRO,EQ,INE075A01022,India
Yes Bank Ltd.,Financial Services,YESBANK,EQ,INE528G01035,India
Zydus Lifesciences Ltd.,Healthcare,ZYDUSLIFE,EQ,INE010B01027,India
