Company,Symbol,Weight,Price,,,,,,,,,,,,,,,,,,,,Country
Nvidia,NVDA,7.12%,172.7,,,,,,,,,,,,,,,,,,,,USA
Apple Inc.,AAPL,6.18%,247.99,,,,,,,,,,,,,,,,,,,,USA
Microsoft,MSFT,4.81%,381.87,,,,,,,,,,,,,,,,,,,,USA
Amazon,AMZN,3.74%,205.37,,,,,,,,,,,,,,,,,,,,USA
Alphabet Inc. (Class A),GOOGL,3.20%,301,,,,,,,,,,,,,,,,,,,,USA
Alphabet Inc. (Class C),GOOG,2.96%,298.79,,,,,,,,,,,,,,,,,,,,USA
Meta Platforms,META,2.55%,593.66,,,,,,,,,,,,,,,,,,,,USA
Broadcom,AVGO,2.50%,310.51,,,,,,,,,,,,,,,,,,,,USA
"Tesla, Inc.",TSLA,2.34%,367.96,,,,,,,,,,,,,,,,,,,,USA
Berkshire Hathaway,BRK.B,1.76%,480.94,,,,,,,,,,,,,,,,,,,,USA
Walmart,WMT,1.61%,119.02,,,,,,,,,,,,,,,,,,,,USA
Lilly (Eli),LLY,1.37%,906.7,,,,,,,,,,,,,,,,,,,,USA
JPMorgan Chase,JPM,1.31%,286.56,,,,,,,,,,,,,,,,,,,,USA
ExxonMobil,XOM,1.13%,159.67,,,,,,,,,,,,,,,,,,,,USA
Visa Inc.,V,0.98%,301.62,,,,,,,,,,,,,,,,,,,,USA
Johnson & Johnson,JNJ,0.96%,235.37,,,,,,,,,,,,,,,,,,,,USA
Micron Technology,MU,0.81%,422.9,,,,,,,,,,,,,,,,,,,,USA
Mastercard,MA,0.75%,496.32,,,,,,,,,,,,,,,,,,,,USA
Costco,COST,0.73%,972.33,,,,,,,,,,,,,,,,,,,,USA
Oracle Corporation,ORCL,0.73%,149.68,,,,,,,,,,,,,,,,,,,,USA
Chevron Corporation,CVX,0.68%,201.73,,,,,,,,,,,,,,,,,,,,USA
Netflix,NFLX,0.66%,91.82,,,,,,,,,,,,,,,,,,,,USA
AbbVie,ABBV,0.62%,205.07,,,,,,,,,,,,,,,,,,,,USA
Palantir Technologies,PLTR,0.61%,150.68,,,,,,,,,,,,,,,,,,,,USA
Bank of America,BAC,0.57%,47.16,,,,,,,,,,,,,,,,,,,,USA
Procter & Gamble,PG,0.57%,144.28,,,,,,,,,,,,,,,,,,,,USA
Advanced Micro Devices,AMD,0.56%,201.33,,,,,,,,,,,,,,,,,,,,USA
Coca-Cola Company (The),KO,0.55%,74.75,,,,,,,,,,,,,,,,,,,,USA
Home Depot (The),HD,0.54%,320.75,,,,,,,,,,,,,,,,,,,,USA
Caterpillar Inc.,CAT,0.54%,680.88,,,,,,,,,,,,,,,,,,,,USA
Cisco,CSCO,0.52%,77.65,,,,,,,,,,,,,,,,,,,,USA
GE Aerospace,GE,0.51%,286.79,,,,,,,,,,,,,,,,,,,,USA
Lam Research,LRCX,0.48%,228.36,,,,,,,,,,,,,,,,,,,,USA
Applied Materials,AMAT,0.48%,357.06,,,,,,,,,,,,,,,,,,,,USA
Merck & Co.,MRK,0.48%,114.18,,,,,,,,,,,,,,,,,,,,USA
RTX Corporation,RTX,0.45%,198.16,,,,,,,,,,,,,,,,,,,,USA
Morgan Stanley,MS,0.44%,161.47,,,,,,,,,,,,,,,,,,,,USA
Philip Morris International,PM,0.43%,163.11,,,,,,,,,,,,,,,,,,,,USA
UnitedHealth Group,UNH,0.42%,275.59,,,,,,,,,,,,,,,,,,,,USA
Goldman Sachs,GS,0.41%,813.53,,,,,,,,,,,,,,,,,,,,USA
Wells Fargo,WFC,0.41%,77.6,,,,,,,,,,,,,,,,,,,,USA
T-Mobile US,TMUS,0.39%,208.47,,,,,,,,,,,,,,,,,,,,USA
GE Vernova,GEV,0.39%,851.07,,,,,,,,,,,,,,,,,,,,USA
IBM,IBM,0.39%,241.77,,,,,,,,,,,,,,,,,,,,USA
Linde plc,LIN,0.38%,488.15,,,,,,,,,,,,,,,,,,,,USA
McDonald's,MCD,0.37%,308.85,,,,,,,,,,,,,,,,,,,,USA
Intel,INTC,0.37%,43.87,,,,,,,,,,,,,,,,,,,,USA
Verizon,VZ,0.36%,49.98,,,,,,,,,,,,,,,,,,,,USA
PepsiCo,PEP,0.35%,150.04,,,,,,,,,,,,,,,,,,,,USA
American Express,AXP,0.34%,295.5,,,,,,,,,,,,,,,,,,,,USA
AT&T,T,0.34%,28.31,,,,,,,,,,,,,,,,,,,,USA
KLA Corporation,KLAC,0.33%,1498.67,,,,,,,,,,,,,,,,,,,,USA
Citigroup,C,0.33%,109.52,,,,,,,,,,,,,,,,,,,,USA
Amgen,AMGN,0.32%,347.8,,,,,,,,,,,,,,,,,,,,USA
NextEra Energy,NEE,0.32%,89.5,,,,,,,,,,,,,,,,,,,,USA
Abbott Laboratories,ABT,0.31%,105.46,,,,,,,,,,,,,,,,,,,,USA
Salesforce,CRM,0.31%,195.38,,,,,,,,,,,,,,,,,,,,USA
Walt Disney Company (The),DIS,0.30%,99.51,,,,,,,,,,,,,,,,,,,,USA
Thermo Fisher Scientific,TMO,0.30%,474.39,,,,,,,,,,,,,,,,,,,,USA
TJX Companies,TJX,0.29%,154.98,,,,,,,,,,,,,,,,,,,,USA
Texas Instruments,TXN,0.29%,187.19,,,,,,,,,,,,,,,,,,,,USA
Gilead Sciences,GILD,0.29%,137.21,,,,,,,,,,,,,,,,,,,,USA
Intuitive Surgical,ISRG,0.29%,477.97,,,,,,,,,,,,,,,,,,,,USA
Charles Schwab Corporation,SCHW,0.28%,94.66,,,,,,,,,,,,,,,,,,,,USA
Arista Networks,ANET,0.28%,131.22,,,,,,,,,,,,,,,,,,,,USA
Amphenol,APH,0.26%,126.74,,,,,,,,,,,,,,,,,,,,USA
ConocoPhillips,COP,0.26%,126.92,,,,,,,,,,,,,,,,,,,,USA
Pfizer,PFE,0.26%,26.97,,,,,,,,,,,,,,,,,,,,USA
Boeing,BA,0.26%,195.12,,,,,,,,,,,,,,,,,,,,USA
Uber,UBER,0.26%,73.89,,,,,,,,,,,,,,,,,,,,USA
Deere & Company,DE,0.26%,559.73,,,,,,,,,,,,,,,,,,,,USA
Analog Devices,ADI,0.26%,309.43,,,,,,,,,,,,,,,,,,,,USA
AppLovin Corporation,APP,0.25%,442.39,,,,,,,,,,,,,,,,,,,,USA
BlackRock,BLK,0.25%,957.91,,,,,,,,,,,,,,,,,,,,USA
Lockheed Martin,LMT,0.25%,627.43,,,,,,,,,,,,,,,,,,,,USA
Honeywell,HON,0.24%,221.5,,,,,,,,,,,,,,,,,,,,USA
Union Pacific Corporation,UNP,0.24%,234.92,,,,,,,,,,,,,,,,,,,,USA
Qualcomm,QCOM,0.24%,129.9,,,,,,,,,,,,,,,,,,,,USA
Eaton Corporation,ETN,0.23%,356.8,,,,,,,,,,,,,,,,,,,,USA
Booking Holdings,BKNG,0.23%,4324.04,,,,,,,,,,,,,,,,,,,,USA
Welltower,WELL,0.23%,195.94,,,,,,,,,,,,,,,,,,,,USA
Danaher Corporation,DHR,0.23%,189.35,,,,,,,,,,,,,,,,,,,,USA
Palo Alto Networks,PANW,0.22%,162.95,,,,,,,,,,,,,,,,,,,,USA
Stryker Corporation,SYK,0.22%,335.67,,,,,,,,,,,,,,,,,,,,USA
S&P Global,SPGI,0.22%,424.43,,,,,,,,,,,,,,,,,,,,USA
Lowe's,LOW,0.21%,224.63,,,,,,,,,,,,,,,,,,,,USA
Intuit,INTU,0.21%,455.56,,,,,,,,,,,,,,,,,,,,USA
Chubb Limited,CB,0.21%,322.58,,,,,,,,,,,,,,,,,,,,USA
Accenture,ACN,0.21%,199.99,,,,,,,,,,,,,,,,,,,,USA
Progressive Corporation,PGR,0.20%,206,,,,,,,,,,,,,,,,,,,,USA
Prologis,PLD,0.20%,128.01,,,,,,,,,,,,,,,,,,,,USA
Bristol Myers Squibb,BMY,0.20%,57.48,,,,,,,,,,,,,,,,,,,,USA
ServiceNow,NOW,0.20%,110.38,,,,,,,,,,,,,,,,,,,,USA
Vertex Pharmaceuticals,VRTX,0.20%,454,,,,,,,,,,,,,,,,,,,,USA
Parker Hannifin,PH,0.19%,894.41,,,,,,,,,,,,,,,,,,,,USA
Capital One,COF,0.19%,181.46,,,,,,,,,,,,,,,,,,,,USA
Medtronic,MDT,0.19%,86.16,,,,,,,,,,,,,,,,,,,,USA
HCA Healthcare,HCA,0.19%,493.88,,,,,,,,,,,,,,,,,,,,USA
CME Group,CME,0.19%,307.32,,,,,,,,,,,,,,,,,,,,USA
McKesson Corporation,MCK,0.18%,885.84,,,,,,,,,,,,,,,,,,,,USA
Altria,MO,0.18%,64.47,,,,,,,,,,,,,,,,,,,,USA
Corning Inc.,GLW,0.18%,124.58,,,,,,,,,,,,,,,,,,,,USA
Starbucks,SBUX,0.18%,92.55,,,,,,,,,,,,,,,,,,,,USA
Sandisk Corporation,SNDK,0.18%,709.71,,,,,,,,,,,,,,,,,,,,USA
Southern Company,SO,0.18%,93.39,,,,,,,,,,,,,,,,,,,,USA
Comcast,CMCSA,0.18%,29.02,,,,,,,,,,,,,,,,,,,,USA
Newmont,NEM,0.18%,95.8,,,,,,,,,,,,,,,,,,,,USA
CrowdStrike,CRWD,0.18%,409,,,,,,,,,,,,,,,,,,,,USA
Boston Scientific,BSX,0.18%,69.48,,,,,,,,,,,,,,,,,,,,USA
Constellation Energy,CEG,0.17%,281.99,,,,,,,,,,,,,,,,,,,,USA
Dell Technologies,DELL,0.17%,157.67,,,,,,,,,,,,,,,,,,,,USA
Adobe Inc.,ADBE,0.17%,248.15,,,,,,,,,,,,,,,,,,,,USA
Northrop Grumman,NOC,0.17%,706.95,,,,,,,,,,,,,,,,,,,,USA
Western Digital,WDC,0.17%,293.1,,,,,,,,,,,,,,,,,,,,USA
Duke Energy,DUK,0.17%,126.81,,,,,,,,,,,,,,,,,,,,USA
Equinix,EQIX,0.16%,959.16,,,,,,,,,,,,,,,,,,,,USA
General Dynamics,GD,0.16%,345.78,,,,,,,,,,,,,,,,,,,,USA
Waste Management,WM,0.16%,231.24,,,,,,,,,,,,,,,,,,,,USA
Howmet Aerospace,HWM,0.16%,231.21,,,,,,,,,,,,,,,,,,,,USA
Seagate Technology,STX,0.16%,411.23,,,,,,,,,,,,,,,,,,,,USA
CVS Health,CVS,0.15%,71.48,,,,,,,,,,,,,,,,,,,,USA
Trane Technologies,TT,0.15%,410.36,,,,,,,,,,,,,,,,,,,,USA
Intercontinental Exchange,ICE,0.15%,158.43,,,,,,,,,,,,,,,,,,,,USA
Williams Companies,WMB,0.15%,72.41,,,,,,,,,,,,,,,,,,,,USA
Blackstone Inc.,BX,0.15%,110.43,,,,,,,,,,,,,,,,,,,,USA
"Marsh & McLennan Companies, Inc.",MRSH,0.15%,176.48,,,,,,,,,,,,,,,,,,,,USA
Marriott International,MAR,0.14%,319.76,,,,,,,,,,,,,,,,,,,,USA
FedEx,FDX,0.14%,358.85,,,,,,,,,,,,,,,,,,,,USA
Automatic Data Processing,ADP,0.14%,208.69,,,,,,,,,,,,,,,,,,,,USA
Quanta Services,PWR,0.14%,555.39,,,,,,,,,,,,,,,,,,,,USA
American Tower,AMT,0.14%,176.79,,,,,,,,,,,,,,,,,,,,USA
United Parcel Service,UPS,0.14%,95.86,,,,,,,,,,,,,,,,,,,,USA
PNC Financial Services,PNC,0.14%,201.71,,,,,,,,,,,,,,,,,,,,USA
Synopsys,SNPS,0.14%,420.32,,,,,,,,,,,,,,,,,,,,USA
KKR,KKR,0.14%,90,,,,,,,,,,,,,,,,,,,,USA
U.S. Bancorp,USB,0.14%,51.25,,,,,,,,,,,,,,,,,,,,USA
Johnson Controls,JCI,0.13%,129.7,,,,,,,,,,,,,,,,,,,,USA
BNY Mellon,BK,0.13%,114.94,,,,,,,,,,,,,,,,,,,,USA
Cadence Design Systems,CDNS,0.13%,283.9,,,,,,,,,,,,,,,,,,,,USA
"Nike, Inc.",NKE,0.13%,52.37,,,,,,,,,,,,,,,,,,,,USA
Regeneron Pharmaceuticals,REGN,0.13%,732.87,,,,,,,,,,,,,,,,,,,,USA
Moody's Corporation,MCO,0.13%,435.12,,,,,,,,,,,,,,,,,,,,USA
Airbnb,ABNB,0.13%,128.52,,,,,,,,,,,,,,,,,,,,USA
Sherwin-Williams,SHW,0.13%,303.53,,,,,,,,,,,,,,,,,,,,USA
Motorola Solutions,MSI,0.13%,452.35,,,,,,,,,,,,,,,,,,,,USA
Freeport-McMoRan,FCX,0.13%,52.09,,,,,,,,,,,,,,,,,,,,USA
EOG Resources,EOG,0.13%,138.73,,,,,,,,,,,,,,,,,,,,USA
3M,MMM,0.13%,141.2,,,,,,,,,,,,,,,,,,,,USA
Illinois Tool Works,ITW,0.13%,257.68,,,,,,,,,,,,,,,,,,,,USA
Cummins,CMI,0.13%,533.54,,,,,,,,,,,,,,,,,,,,USA
O'Reilly Auto Parts,ORLY,0.12%,87.3,,,,,,,,,,,,,,,,,,,,USA
Kinder Morgan,KMI,0.12%,32.84,,,,,,,,,,,,,,,,,,,,USA
Ecolab,ECL,0.12%,256.48,,,,,,,,,,,,,,,,,,,,USA
Monster Beverage,MNST,0.12%,73.69,,,,,,,,,,,,,,,,,,,,USA
Mondelez International,MDLZ,0.12%,56.21,,,,,,,,,,,,,,,,,,,,USA
Emerson Electric,EMR,0.12%,128.15,,,,,,,,,,,,,,,,,,,,USA
Cintas,CTAS,0.12%,179.34,,,,,,,,,,,,,,,,,,,,USA
Valero Energy,VLO,0.12%,239.86,,,,,,,,,,,,,,,,,,,,USA
Royal Caribbean Group,RCL,0.12%,263.65,,,,,,,,,,,,,,,,,,,,USA
CSX Corporation,CSX,0.12%,38.17,,,,,,,,,,,,,,,,,,,,USA
Phillips 66,PSX,0.12%,175.47,,,,,,,,,,,,,,,,,,,,USA
Schlumberger,SLB,0.12%,46.63,,,,,,,,,,,,,,,,,,,,USA
Aon,AON,0.12%,325.63,,,,,,,,,,,,,,,,,,,,USA
Cigna,CI,0.12%,262.84,,,,,,,,,,,,,,,,,,,,USA
Marathon Petroleum,MPC,0.12%,232.53,,,,,,,,,,,,,,,,,,,,USA
Ross Stores,ROST,0.12%,211.19,,,,,,,,,,,,,,,,,,,,USA
Colgate-Palmolive,CL,0.12%,85.12,,,,,,,,,,,,,,,,,,,,USA
DoorDash,DASH,0.12%,156.64,,,,,,,,,,,,,,,,,,,,USA
Warner Bros. Discovery,WBD,0.12%,27.42,,,,,,,,,,,,,,,,,,,,USA
American Electric Power,AEP,0.12%,125.66,,,,,,,,,,,,,,,,,,,,USA
Republic Services,RSG,0.11%,219.3,,,,,,,,,,,,,,,,,,,,USA
CRH plc,CRH,0.11%,100.47,,,,,,,,,,,,,,,,,,,,USA
Hilton Worldwide,HLT,0.11%,292.58,,,,,,,,,,,,,,,,,,,,USA
TransDigm Group,TDG,0.11%,1177.39,,,,,,,,,,,,,,,,,,,,USA
L3Harris,LHX,0.11%,352.85,,,,,,,,,,,,,,,,,,,,USA
General Motors,GM,0.11%,72.81,,,,,,,,,,,,,,,,,,,,USA
Apollo Global Management,APO,0.11%,112,,,,,,,,,,,,,,,,,,,,USA
Elevance Health,ELV,0.11%,291.48,,,,,,,,,,,,,,,,,,,,USA
Travelers Companies (The),TRV,0.11%,296.6,,,,,,,,,,,,,,,,,,,,USA
"Robinhood Markets, Inc.",HOOD,0.11%,70.89,,,,,,,,,,,,,,,,,,,,USA
Cencora,COR,0.11%,326.91,,,,,,,,,,,,,,,,,,,,USA
Norfolk Southern Railway,NSC,0.11%,281.09,,,,,,,,,,,,,,,,,,,,USA
Air Products,APD,0.11%,281.01,,,,,,,,,,,,,,,,,,,,USA
Fortinet,FTNT,0.10%,81.4,,,,,,,,,,,,,,,,,,,,USA
Simon Property Group,SPG,0.10%,184.52,,,,,,,,,,,,,,,,,,,,USA
Sempra,SRE,0.10%,91.72,,,,,,,,,,,,,,,,,,,,USA
Occidental Petroleum,OXY,0.10%,60.71,,,,,,,,,,,,,,,,,,,,USA
Baker Hughes,BKR,0.10%,60.35,,,,,,,,,,,,,,,,,,,,USA
Digital Realty,DLR,0.10%,173.3,,,,,,,,,,,,,,,,,,,,USA
Paccar,PCAR,0.10%,111.26,,,,,,,,,,,,,,,,,,,,USA
TE Connectivity,TEL,0.10%,195.84,,,,,,,,,,,,,,,,,,,,USA
Realty Income,O,0.10%,60.95,,,,,,,,,,,,,,,,,,,,USA
ONEOK,OKE,0.10%,89.21,,,,,,,,,,,,,,,,,,,,USA
Arthur J. Gallagher & Co.,AJG,0.09%,214.82,,,,,,,,,,,,,,,,,,,,USA
Aflac,AFL,0.09%,106.22,,,,,,,,,,,,,,,,,,,,USA
Truist Financial,TFC,0.09%,44.16,,,,,,,,,,,,,,,,,,,,USA
Ciena Corporation,CIEN,0.09%,383.89,,,,,,,,,,,,,,,,,,,,USA
AutoZone,AZO,0.09%,3282.9,,,,,,,,,,,,,,,,,,,,USA
Diamondback Energy,FANG,0.09%,192.54,,,,,,,,,,,,,,,,,,,,USA
Allstate,ALL,0.09%,205.62,,,,,,,,,,,,,,,,,,,,USA
,,,,,,,,,,,,,,,,,,,,,,,
,,,,,,,,,,,,,,,,,,,,,,,
,,,,,,,,,,,,,,,,,,,,,,,
,,,,,,,,,,,,,,,,,,,,,,,
,,,,,,,,,,,,,,,,,,,,,,,
,,,,,,,,,,,,,,,,,,,,,,,
,,,,,,,,,,,,,,,,,,,,,,,
,,,,,,,,,,,,,,,,,,,,,,,
,,,,,,,,,,,,,,,,,,,,,,,
,,,,,,,,,,,,,,,,,,,,,,,
,,,,,,,,,,,,,,,,,,,,,,,
,,,,,,,,,,,,,,,,,,,,,,,
,,,,,,,,,,,,,,,,,,,,,,,
,,,,,,,,,,,,,,,,,,,,,,,
,,,,,,,,,,,,,,,,,,,,,,,
,,,,,,,,,,,,,,,,,,,,,,,
,,,,,,,,,,,,,,,,,,,,,,,
,,,,,,,,,,,,,,,,,,,,,,,
,,,,,,,,,,,,,,,,,,,,,,,
,,,,,,,,,,,,,,,,,,,,,,,
,,,,,,,,,,,,,,,,,,,,,,,
,,,,,,,,,,,,,,,,,,,,,,,
,,,,,,,,,,,,,,,,,,,,,,,
,,,,,,,,,,,,,,,,,,,,,,,
,,,,,,,,,,,,,,,,,,,,,,,
,,,,,,,,,,,,,,,,,,,,,,,
,,,,,,,,,,,,,,,,,,,,,,,
,,,,,,,,,,,,,,,,,,,,,,,
,,,,,,,,,,,,,,,,,,,,,,,
,,,,,,,,,,,,,,,,,,,,,,,
,,,,,,,,,,,,,,,,,,,,,,,
,,,,,,,,,,,,,,,,,,,,,,,
,,,,,,,,,,,,,,,,,,,,,,,
,,,,,,,,,,,,,,,,,,,,,,,
,,,,,,,,,,,,,,,,,,,,,,,
,,,,,,,,,,,,,,,,,,,,,,,
,,,,,,,,,,,,,,,,,,,,,,,
,,,,,,,,,,,,,,,,,,,,,,,
,,,,,,,,,,,,,,,,,,,,,,,
,,,,,,,,,,,,,,,,,,,,,,,
,,,,,,,,,,,,,,,,,,,,,,,
,,,,,,,,,,,,,,,,,,,,,,,
,,,,,,,,,,,,,,,,,,,,,,,
,,,,,,,,,,,,,,,,,,,,,,,
,,,,,,,,,,,,,,,,,,,,,,,
,,,,,,,,,,,,,,,,,,,,,,,
,,,,,,,,,,,,,,,,,,,,,,,
,,,,,,,,,,,,,,,,,,,,,,,
,,,,,,,,,,,,,,,,,,,,,,,
,,,,,,,,,,,,,,,,,,,,,,,
,,,,,,,,,,,,,,,,,,,,,,,
,,,,,,,,,,,,,,,,,,,,,,,
,,,,,,,,,,,,,,,,,,,,,,,
,,,,,,,,,,,,,,,,,,,,,,,
,,,,,,,,,,,,,,,,,,,,,,,
,,,,,,,,,,,,,,,,,,,,,,,
,,,,,,,,,,,,,,,,,,,,,,,
,,,,,,,,,,,,,,,,,,,,,,,
,,,,,,,,,,,,,,,,,,,,,,,
,,,,,,,,,,,,,,,,,,,,,,,
,,,,,,,,,,,,,,,,,,,,,,,
,,,,,,,,,,,,,,,,,,,,,,,
,,,,,,,,,,,,,,,,,,,,,,,
,,,,,,,,,,,,,,,,,,,,,,,
,,,,,,,,,,,,,,,,,,,,,,,
,,,,,,,,,,,,,,,,,,,,,,,
,,,,,,,,,,,,,,,,,,,,,,,
,,,,,,,,,,,,,,,,,,,,,,,
,,,,,,,,,,,,,,,,,,,,,,,
,,,,,,,,,,,,,,,,,,,,,,,
,,,,,,,,,,,,,,,,,,,,,,,
,,,,,,,,,,,,,,,,,,,,,,,
,,,,,,,,,,,,,,,,,,,,,,,
,,,,,,,,,,,,,,,,,,,,,,,
,,,,,,,,,,,,,,,,,,,,,,,
,,,,,,,,,,,,,,,,,,,,,,,
,,,,,,,,,,,,,,,,,,,,,,,
,,,,,,,,,,,,,,,,,,,,,,,
,,,,,,,,,,,,,,,,,,,,,,,
,,,,,,,,,,,,,,,,,,,,,,,
,,,,,,,,,,,,,,,,,,,,,,,
,,,,,,,,,,,,,,,,,,,,,,,
,,,,,,,,,,,,,,,,,,,,,,,
,,,,,,,,,,,,,,,,,,,,,,,
,,,,,,,,,,,,,,,,,,,,,,,
,,,,,,,,,,,,,,,,,,,,,,,
,,,,,,,,,,,,,,,,,,,,,,,
,,,,,,,,,,,,,,,,,,,,,,,
,,,,,,,,,,,,,,,,,,,,,,,
,,,,,,,,,,,,,,,,,,,,,,,
,,,,,,,,,,,,,,,,,,,,,,,
,,,,,,,,,,,,,,,,,,,,,,,
,,,,,,,,,,,,,,,,,,,,,,,
,,,,,,,,,,,,,,,,,,,,,,,
,,,,,,,,,,,,,,,,,,,,,,,
,,,,,,,,,,,,,,,,,,,,,,,
,,,,,,,,,,,,,,,,,,,,,,,
,,,,,,,,,,,,,,,,,,,,,,,
,,,,,,,,,,,,,,,,,,,,,,,
,,,,,,,,,,,,,,,,,,,,,,,
,,,,,,,,,,,,,,,,,,,,,,,
,,,,,,,,,,,,,,,,,,,,,,,
,,,,,,,,,,,,,,,,,,,,,,,
,,,,,,,,,,,,,,,,,,,,,,,
,,,,,,,,,,,,,,,,,,,,,,,
,,,,,,,,,,,,,,,,,,,,,,,
,,,,,,,,,,,,,,,,,,,,,,,
,,,,,,,,,,,,,,,,,,,,,,,
,,,,,,,,,,,,,,,,,,,,,,,
,,,,,,,,,,,,,,,,,,,,,,,
,,,,,,,,,,,,,,,,,,,,,,,
,,,,,,,,,,,,,,,,,,,,,,,
,,,,,,,,,,,,,,,,,,,,,,,
,,,,,,,,,,,,,,,,,,,,,,,
,,,,,,,,,,,,,,,,,,,,,,,
,,,,,,,,,,,,,,,,,,,,,,,
,,,,,,,,,,,,,,,,,,,,,,,
,,,,,,,,,,,,,,,,,,,,,,,
,,,,,,,,,,,,,,,,,,,,,,,
,,,,,,,,,,,,,,,,,,,,,,,
,,,,,,,,,,,,,,,,,,,,,,,
,,,,,,,,,,,,,,,,,,,,,,,
,,,,,,,,,,,,,,,,,,,,,,,
,,,,,,,,,,,,,,,,,,,,,,,
,,,,,,,,,,,,,,,,,,,,,,,
,,,,,,,,,,,,,,,,,,,,,,,
,,,,,,,,,,,,,,,,,,,,,,,
,,,,,,,,,,,,,,,,,,,,,,,
,,,,,,,,,,,,,,,,,,,,,,,
,,,,,,,,,,,,,,,,,,,,,,,
,,,,,,,,,,,,,,,,,,,,,,,
,,,,,,,,,,,,,,,,,,,,,,,
,,,,,,,,,,,,,,,,,,,,,,,
,,,,,,,,,,,,,,,,,,,,,,,
,,,,,,,,,,,,,,,,,,,,,,,
,,,,,,,,,,,,,,,,,,,,,,,
,,,,,,,,,,,,,,,,,,,,,,,
,,,,,,,,,,,,,,,,,,,,,,,
,,,,,,,,,,,,,,,,,,,,,,,
,,,,,,,,,,,,,,,,,,,,,,,
,,,,,,,,,,,,,,,,,,,,,,,
,,,,,,,,,,,,,,,,,,,,,,,
,,,,,,,,,,,,,,,,,,,,,,,
,,,,,,,,,,,,,,,,,,,,,,,
,,,,,,,,,,,,,,,,,,,,,,,
,,,,,,,,,,,,,,,,,,,,,,,
,,,,,,,,,,,,,,,,,,,,,,,
,,,,,,,,,,,,,,,,,,,,,,,
,,,,,,,,,,,,,,,,,,,,,,,
,,,,,,,,,,,,,,,,,,,,,,,
,,,,,,,,,,,,,,,,,,,,,,,
,,,,,,,,,,,,,,,,,,,,,,,
,,,,,,,,,,,,,,,,,,,,,,,
,,,,,,,,,,,,,,,,,,,,,,,
,,,,,,,,,,,,,,,,,,,,,,,
,,,,,,,,,,,,,,,,,,,,,,,
,,,,,,,,,,,,,,,,,,,,,,,
,,,,,,,,,,,,,,,,,,,,,,,
,,,,,,,,,,,,,,,,,,,,,,,
,,,,,,,,,,,,,,,,,,,,,,,
,,,,,,,,,,,,,,,,,,,,,,,
,,,,,,,,,,,,,,,,,,,,,,,
,,,,,,,,,,,,,,,,,,,,,,,
,,,,,,,,,,,,,,,,,,,,,,,
,,,,,,,,,,,,,,,,,,,,,,,
,,,,,,,,,,,,,,,,,,,,,,,
,,,,,,,,,,,,,,,,,,,,,,,
,,,,,,,,,,,,,,,,,,,,,,,
,,,,,,,,,,,,,,,,,,,,,,,
,,,,,,,,,,,,,,,,,,,,,,,
,,,,,,,,,,,,,,,,,,,,,,,
,,,,,,,,,,,,,,,,,,,,,,,
,,,,,,,,,,,,,,,,,,,,,,,
,,,,,,,,,,,,,,,,,,,,,,,
,,,,,,,,,,,,,,,,,,,,,,,
,,,,,,,,,,,,,,,,,,,,,,,
,,,,,,,,,,,,,,,,,,,,,,,
,,,,,,,,,,,,,,,,,,,,,,,
,,,,,,,,,,,,,,,,,,,,,,,
,,,,,,,,,,,,,,,,,,,,,,,
,,,,,,,,,,,,,,,,,,,,,,,
,,,,,,,,,,,,,,,,,,,,,,,
,,,,,,,,,,,,,,,,,,,,,,,
,,,,,,,,,,,,,,,,,,,,,,,
,,,,,,,,,,,,,,,,,,,,,,,
,,,,,,,,,,,,,,,,,,,,,,,
,,,,,,,,,,,,,,,,,,,,,,,
,,,,,,,,,,,,,,,,,,,,,,,
,,,,,,,,,,,,,,,,,,,,,,,
,,,,,,,,,,,,,,,,,,,,,,,
,,,,,,,,,,,,,,,,,,,,,,,
,,,,,,,,,,,,,,,,,,,,,,,
,,,,,,,,,,,,,,,,,,,,,,,
,,,,,,,,,,,,,,,,,,,,,,,
,,,,,,,,,,,,,,,,,,,,,,,
,,,,,,,,,,,,,,,,,,,,,,,
,,,,,,,,,,,,,,,,,,,,,,,
,,,,,,,,,,,,,,,,,,,,,,,
,,,,,,,,,,,,,,,,,,,,,,,
,,,,,,,,,,,,,,,,,,,,,,,
,,,,,,,,,,,,,,,,,,,,,,,
,,,,,,,,,,,,,,,,,,,,,,,
,,,,,,,,,,,,,,,,,,,,,,,
,,,,,,,,,,,,,,,,,,,,,,,
,,,,,,,,,,,,,,,,,,,,,,,
,,,,,,,,,,,,,,,,,,,,,,,
,,,,,,,,,,,,,,,,,,,,,,,
,,,,,,,,,,,,,,,,,,,,,,,
,,,,,,,,,,,,,,,,,,,,,,,
,,,,,,,,,,,,,,,,,,,,,,,
,,,,,,,,,,,,,,,,,,,,,,,
,,,,,,,,,,,,,,,,,,,,,,,
,,,,,,,,,,,,,,,,,,,,,,,
,,,,,,,,,,,,,,,,,,,,,,,
,,,,,,,,,,,,,,,,,,,,,,,
,,,,,,,,,,,,,,,,,,,,,,,
,,,,,,,,,,,,,,,,,,,,,,,
,,,,,,,,,,,,,,,,,,,,,,,
,,,,,,,,,,,,,,,,,,,,,,,
,,,,,,,,,,,,,,,,,,,,,,,
,,,,,,,,,,,,,,,,,,,,,,,
,,,,,,,,,,,,,,,,,,,,,,,
,,,,,,,,,,,,,,,,,,,,,,,
,,,,,,,,,,,,,,,,,,,,,,,
,,,,,,,,,,,,,,,,,,,,,,,
,,,,,,,,,,,,,,,,,,,,,,,
,,,,,,,,,,,,,,,,,,,,,,,
,,,,,,,,,,,,,,,,,,,,,,,
,,,,,,,,,,,,,,,,,,,,,,,
,,,,,,,,,,,,,,,,,,,,,,,
,,,,,,,,,,,,,,,,,,,,,,,
,,,,,,,,,,,,,,,,,,,,,,,
,,,,,,,,,,,,,,,,,,,,,,,
,,,,,,,,,,,,,,,,,,,,,,,
,,,,,,,,,,,,,,,,,,,,,,,
,,,,,,,,,,,,,,,,,,,,,,,
,,,,,,,,,,,,,,,,,,,,,,,
,,,,,,,,,,,,,,,,,,,,,,,
,,,,,,,,,,,,,,,,,,,,,,,
,,,,,,,,,,,,,,,,,,,,,,,
,,,,,,,,,,,,,,,,,,,,,,,
,,,,,,,,,,,,,,,,,,,,,,,
,,,,,,,,,,,,,,,,,,,,,,,
,,,,,,,,,,,,,,,,,,,,,,,
,,,,,,,,,,,,,,,,,,,,,,,
,,,,,,,,,,,,,,,,,,,,,,,
,,,,,,,,,,,,,,,,,,,,,,,
,,,,,,,,,,,,,,,,,,,,,,,
,,,,,,,,,,,,,,,,,,,,,,,
,,,,,,,,,,,,,,,,,,,,,,,
,,,,,,,,,,,,,,,,,,,,,,,
,,,,,,,,,,,,,,,,,,,,,,,
,,,,,,,,,,,,,,,,,,,,,,,
,,,,,,,,,,,,,,,,,,,,,,,
,,,,,,,,,,,,,,,,,,,,,,,
,,,,,,,,,,,,,,,,,,,,,,,
,,,,,,,,,,,,,,,,,,,,,,,
,,,,,,,,,,,,,,,,,,,,,,,
,,,,,,,,,,,,,,,,,,,,,,,
,,,,,,,,,,,,,,,,,,,,,,,
,,,,,,,,,,,,,,,,,,,,,,,
,,,,,,,,,,,,,,,,,,,,,,,
,,,,,,,,,,,,,,,,,,,,,,,
,,,,,,,,,,,,,,,,,,,,,,,
,,,,,,,,,,,,,,,,,,,,,,,
,,,,,,,,,,,,,,,,,,,,,,,
,,,,,,,,,,,,,,,,,,,,,,,
,,,,,,,,,,,,,,,,,,,,,,,
,,,,,,,,,,,,,,,,,,,,,,,
,,,,,,,,,,,,,,,,,,,,,,,
,,,,,,,,,,,,,,,,,,,,,,,
,,,,,,,,,,,,,,,,,,,,,,,
,,,,,,,,,,,,,,,,,,,,,,,
,,,,,,,,,,,,,,,,,,,,,,,
,,,,,,,,,,,,,,,,,,,,,,,
,,,,,,,,,,,,,,,,,,,,,,,
,,,,,,,,,,,,,,,,,,,,,,,
,,,,,,,,,,,,,,,,,,,,,,,
,,,,,,,,,,,,,,,,,,,,,,,
,,,,,,,,,,,,,,,,,,,,,,,
,,,,,,,,,,,,,,,,,,,,,,,
,,,,,,,,,,,,,,,,,,,,,,,
,,,,,,,,,,,,,,,,,,,,,,,
,,,,,,,,,,,,,,,,,,,,,,,
,,,,,,,,,,,,,,,,,,,,,,,
,,,,,,,,,,,,,,,,,,,,,,,
,,,,,,,,,,,,,,,,,,,,,,,
,,,,,,,,,,,,,,,,,,,,,,,
,,,,,,,,,,,,,,,,,,,,,,,
,,,,,,,,,,,,,,,,,,,,,,,
,,,,,,,,,,,,,,,,,,,,,,,
,,,,,,,,,,,,,,,,,,,,,,,
,,,,,,,,,,,,,,,,,,,,,,,
,,,,,,,,,,,,,,,,,,,,,,,
,,,,,,,,,,,,,,,,,,,,,,,
,,,,,,,,,,,,,,,,,,,,,,,
,,,,,,,,,,,,,,,,,,,,,,,
,,,,,,,,,,,,,,,,,,,,,,,
,,,,,,,,,,,,,,,,,,,,,,,
,,,,,,,,,,,,,,,,,,,,,,,
,,,,,,,,,,,,,,,,,,,,,,,
,,,,,,,,,,,,,,,,,,,,,,,
,,,,,,,,,,,,,,,,,,,,,,,
,,,,,,,,,,,,,,,,,,,,,,,
,,,,,,,,,,,,,,,,,,,,,,,
,,,,,,,,,,,,,,,,,,,,,,,
,,,,,,,,,,,,,,,,,,,,,,,
,,,,,,,,,,,,,,,,,,,,,,,
,,,,,,,,,,,,,,,,,,,,,,,
,,,,,,,,,,,,,,,,,,,,,,,
,,,,,,,,,,,,,,,,,,,,,,,
,,,,,,,,,,,,,,,,,,,,,,,
,,,,,,,,,,,,,,,,,,,,,,,
,,,,,,,,,,,,,,,,,,,,,,,
,,,,,,,,,,,,,,,,,,,,,,,
,,,,,,,,,,,,,,,,,,,,,,,
,,,,,,,,,,,,,,,,,,,,,,,
,,,,,,,,,,,,,,,,,,,,,,,
,,,,,,,,,,,,,,,,,,,,,,,
,,,,,,,,,,,,,,,,,,,,,,,
,,,,,,,,,,,,,,,,,,,,,,,
,,,,,,,,,,,,,,,,,,,,,,,
,,,,,,,,,,,,,,,,,,,,,,,
,,,,,,,,,,,,,,,,,,,,,,,
,,,,,,,,,,,,,,,,,,,,,,,
,,,,,,,,,,,,,,,,,,,,,,,
,,,,,,,,,,,,,,,,,,,,,,,
,,,,,,,,,,,,,,,,,,,,,,,
,,,,,,,,,,,,,,,,,,,,,,,
,,,,,,,,,,,,,,,,,,,,,,,
,,,,,,,,,,,,,,,,,,,,,,,
,,,,,,,,,,,,,,,,,,,,,,,
,,,,,,,,,,,,,,,,,,,,,,,
,,,,,,,,,,,,,,,,,,,,,,,
,,,,,,,,,,,,,,,,,,,,,,,
,,,,,,,,,,,,,,,,,,,,,,,
,,,,,,,,,,,,,,,,,,,,,,,
,,,,,,,,,,,,,,,,,,,,,,,
,,,,,,,,,,,,,,,,,,,,,,,
,,,,,,,,,,,,,,,,,,,,,,,
,,,,,,,,,,,,,,,,,,,,,,,
,,,,,,,,,,,,,,,,,,,,,,,
,,,,,,,,,,,,,,,,,,,,,,,
,,,,,,,,,,,,,,,,,,,,,,,
,,,,,,,,,,,,,,,,,,,,,,,
,,,,,,,,,,,,,,,,,,,,,,,
,,,,,,,,,,,,,,,,,,,,,,,
,,,,,,,,,,,,,,,,,,,,,,,
,,,,,,,,,,,,,,,,,,,,,,,
,,,,,,,,,,,,,,,,,,,,,,,
,,,,,,,,,,,,,,,,,,,,,,,
,,,,,,,,,,,,,,,,,,,,,,,
,,,,,,,,,,,,,,,,,,,,,,,
,,,,,,,,,,,,,,,,,,,,,,,
,,,,,,,,,,,,,,,,,,,,,,,
,,,,,,,,,,,,,,,,,,,,,,,
,,,,,,,,,,,,,,,,,,,,,,,
,,,,,,,,,,,,,,,,,,,,,,,
,,,,,,,,,,,,,,,,,,,,,,,
,,,,,,,,,,,,,,,,,,,,,,,
,,,,,,,,,,,,,,,,,,,,,,,
,,,,,,,,,,,,,,,,,,,,,,,
,,,,,,,,,,,,,,,,,,,,,,,
,,,,,,,,,,,,,,,,,,,,,,,
,,,,,,,,,,,,,,,,,,,,,,,
,,,,,,,,,,,,,,,,,,,,,,,
,,,,,,,,,,,,,,,,,,,,,,,
,,,,,,,,,,,,,,,,,,,,,,,
,,,,,,,,,,,,,,,,,,,,,,,
,,,,,,,,,,,,,,,,,,,,,,,
,,,,,,,,,,,,,,,,,,,,,,,
,,,,,,,,,,,,,,,,,,,,,,,
,,,,,,,,,,,,,,,,,,,,,,,
,,,,,,,,,,,,,,,,,,,,,,,
,,,,,,,,,,,,,,,,,,,,,,,
,,,,,,,,,,,,,,,,,,,,,,,
,,,,,,,,,,,,,,,,,,,,,,,
,,,,,,,,,,,,,,,,,,,,,,,
,,,,,,,,,,,,,,,,,,,,,,,
,,,,,,,,,,,,,,,,,,,,,,,
,,,,,,,,,,,,,,,,,,,,,,,
,,,,,,,,,,,,,,,,,,,,,,,
,,,,,,,,,,,,,,,,,,,,,,,
,,,,,,,,,,,,,,,,,,,,,,,
,,,,,,,,,,,,,,,,,,,,,,,
,,,,,,,,,,,,,,,,,,,,,,,
,,,,,,,,,,,,,,,,,,,,,,,
,,,,,,,,,,,,,,,,,,,,,,,
,,,,,,,,,,,,,,,,,,,,,,,
,,,,,,,,,,,,,,,,,,,,,,,
,,,,,,,,,,,,,,,,,,,,,,,
,,,,,,,,,,,,,,,,,,,,,,,
,,,,,,,,,,,,,,,,,,,,,,,
,,,,,,,,,,,,,,,,,,,,,,,
,,,,,,,,,,,,,,,,,,,,,,,
,,,,,,,,,,,,,,,,,,,,,,,
,,,,,,,,,,,,,,,,,,,,,,,
,,,,,,,,,,,,,,,,,,,,,,,
,,,,,,,,,,,,,,,,,,,,,,,
,,,,,,,,,,,,,,,,,,,,,,,
,,,,,,,,,,,,,,,,,,,,,,,
,,,,,,,,,,,,,,,,,,,,,,,
,,,,,,,,,,,,,,,,,,,,,,,
,,,,,,,,,,,,,,,,,,,,,,,
,,,,,,,,,,,,,,,,,,,,,,,
,,,,,,,,,,,,,,,,,,,,,,,
,,,,,,,,,,,,,,,,,,,,,,,
,,,,,,,,,,,,,,,,,,,,,,,
,,,,,,,,,,,,,,,,,,,,,,,
,,,,,,,,,,,,,,,,,,,,,,,
,,,,,,,,,,,,,,,,,,,,,,,
,,,,,,,,,,,,,,,,,,,,,,,
,,,,,,,,,,,,,,,,,,,,,,,
,,,,,,,,,,,,,,,,,,,,,,,
,,,,,,,,,,,,,,,,,,,,,,,
,,,,,,,,,,,,,,,,,,,,,,,
,,,,,,,,,,,,,,,,,,,,,,,
,,,,,,,,,,,,,,,,,,,,,,,
,,,,,,,,,,,,,,,,,,,,,,,
,,,,,,,,,,,,,,,,,,,,,,,
,,,,,,,,,,,,,,,,,,,,,,,
,,,,,,,,,,,,,,,,,,,,,,,
,,,,,,,,,,,,,,,,,,,,,,,
,,,,,,,,,,,,,,,,,,,,,,,
,,,,,,,,,,,,,,,,,,,,,,,
,,,,,,,,,,,,,,,,,,,,,,,
,,,,,,,,,,,,,,,,,,,,,,,
,,,,,,,,,,,,,,,,,,,,,,,
,,,,,,,,,,,,,,,,,,,,,,,
,,,,,,,,,,,,,,,,,,,,,,,
,,,,,,,,,,,,,,,,,,,,,,,
,,,,,,,,,,,,,,,,,,,,,,,
,,,,,,,,,,,,,,,,,,,,,,,
,,,,,,,,,,,,,,,,,,,,,,,
,,,,,,,,,,,,,,,,,,,,,,,
,,,,,,,,,,,,,,,,,,,,,,,
,,,,,,,,,,,,,,,,,,,,,,,
,,,,,,,,,,,,,,,,,,,,,,,
,,,,,,,,,,,,,,,,,,,,,,,
,,,,,,,,,,,,,,,,,,,,,,,
,,,,,,,,,,,,,,,,,,,,,,,
,,,,,,,,,,,,,,,,,,,,,,,
,,,,,,,,,,,,,,,,,,,,,,,
,,,,,,,,,,,,,,,,,,,,,,,
,,,,,,,,,,,,,,,,,,,,,,,
,,,,,,,,,,,,,,,,,,,,,,,
,,,,,,,,,,,,,,,,,,,,,,,
,,,,,,,,,,,,,,,,,,,,,,,
,,,,,,,,,,,,,,,,,,,,,,,
,,,,,,,,,,,,,,,,,,,,,,,
,,,,,,,,,,,,,,,,,,,,,,,
,,,,,,,,,,,,,,,,,,,,,,,
,,,,,,,,,,,,,,,,,,,,,,,
,,,,,,,,,,,,,,,,,,,,,,,
,,,,,,,,,,,,,,,,,,,,,,,
,,,,,,,,,,,,,,,,,,,,,,,
,,,,,,,,,,,,,,,,,,,,,,,
,,,,,,,,,,,,,,,,,,,,,,,
,,,,,,,,,,,,,,,,,,,,,,,
,,,,,,,,,,,,,,,,,,,,,,,
,,,,,,,,,,,,,,,,,,,,,,,
,,,,,,,,,,,,,,,,,,,,,,,
,,,,,,,,,,,,,,,,,,,,,,,
,,,,,,,,,,,,,,,,,,,,,,,
,,,,,,,,,,,,,,,,,,,,,,,
,,,,,,,,,,,,,,,,,,,,,,,
,,,,,,,,,,,,,,,,,,,,,,,
,,,,,,,,,,,,,,,,,,,,,,,
,,,,,,,,,,,,,,,,,,,,,,,
,,,,,,,,,,,,,,,,,,,,,,,
,,,,,,,,,,,,,,,,,,,,,,,
,,,,,,,,,,,,,,,,,,,,,,,
,,,,,,,,,,,,,,,,,,,,,,,
,,,,,,,,,,,,,,,,,,,,,,,
,,,,,,,,,,,,,,,,,,,,,,,
,,,,,,,,,,,,,,,,,,,,,,,
,,,,,,,,,,,,,,,,,,,,,,,
,,,,,,,,,,,,,,,,,,,,,,,
,,,,,,,,,,,,,,,,,,,,,,,
,,,,,,,,,,,,,,,,,,,,,,,
,,,,,,,,,,,,,,,,,,,,,,,
,,,,,,,,,,,,,,,,,,,,,,,
,,,,,,,,,,,,,,,,,,,,,,,
,,,,,,,,,,,,,,,,,,,,,,,
,,,,,,,,,,,,,,,,,,,,,,,
,,,,,,,,,,,,,,,,,,,,,,,
,,,,,,,,,,,,,,,,,,,,,,,
,,,,,,,,,,,,,,,,,,,,,,,
,,,,,,,,,,,,,,,,,,,,,,,
,,,,,,,,,,,,,,,,,,,,,,,
,,,,,,,,,,,,,,,,,,,,,,,
,,,,,,,,,,,,,,,,,,,,,,,
,,,,,,,,,,,,,,,,,,,,,,,
,,,,,,,,,,,,,,,,,,,,,,,
,,,,,,,,,,,,,,,,,,,,,,,
,,,,,,,,,,,,,,,,,,,,,,,
,,,,,,,,,,,,,,,,,,,,,,,
,,,,,,,,,,,,,,,,,,,,,,,
,,,,,,,,,,,,,,,,,,,,,,,
,,,,,,,,,,,,,,,,,,,,,,,
,,,,,,,,,,,,,,,,,,,,,,,
,,,,,,,,,,,,,,,,,,,,,,,
,,,,,,,,,,,,,,,,,,,,,,,
,,,,,,,,,,,,,,,,,,,,,,,
,,,,,,,,,,,,,,,,,,,,,,,
,,,,,,,,,,,,,,,,,,,,,,,
,,,,,,,,,,,,,,,,,,,,,,,
,,,,,,,,,,,,,,,,,,,,,,,
,,,,,,,,,,,,,,,,,,,,,,,
,,,,,,,,,,,,,,,,,,,,,,,
,,,,,,,,,,,,,,,,,,,,,,,
,,,,,,,,,,,,,,,,,,,,,,,
,,,,,,,,,,,,,,,,,,,,,,,
,,,,,,,,,,,,,,,,,,,,,,,
,,,,,,,,,,,,,,,,,,,,,,,
,,,,,,,,,,,,,,,,,,,,,,,
,,,,,,,,,,,,,,,,,,,,,,,
,,,,,,,,,,,,,,,,,,,,,,,
,,,,,,,,,,,,,,,,,,,,,,,
,,,,,,,,,,,,,,,,,,,,,,,
,,,,,,,,,,,,,,,,,,,,,,,
,,,,,,,,,,,,,,,,,,,,,,,
,,,,,,,,,,,,,,,,,,,,,,,
,,,,,,,,,,,,,,,,,,,,,,,
,,,,,,,,,,,,,,,,,,,,,,,
,,,,,,,,,,,,,,,,,,,,,,,
,,,,,,,,,,,,,,,,,,,,,,,
,,,,,,,,,,,,,,,,,,,,,,,
,,,,,,,,,,,,,,,,,,,,,,,
,,,,,,,,,,,,,,,,,,,,,,,
,,,,,,,,,,,,,,,,,,,,,,,
,,,,,,,,,,,,,,,,,,,,,,,
,,,,,,,,,,,,,,,,,,,,,,,
,,,,,,,,,,,,,,,,,,,,,,,
,,,,,,,,,,,,,,,,,,,,,,,
,,,,,,,,,,,,,,,,,,,,,,,
,,,,,,,,,,,,,,,,,,,,,,,
,,,,,,,,,,,,,,,,,,,,,,,
,,,,,,,,,,,,,,,,,,,,,,,
,,,,,,,,,,,,,,,,,,,,,,,
,,,,,,,,,,,,,,,,,,,,,,,
,,,,,,,,,,,,,,,,,,,,,,,
,,,,,,,,,,,,,,,,,,,,,,,
,,,,,,,,,,,,,,,,,,,,,,,
,,,,,,,,,,,,,,,,,,,,,,,
,,,,,,,,,,,,,,,,,,,,,,,
,,,,,,,,,,,,,,,,,,,,,,,
,,,,,,,,,,,,,,,,,,,,,,,
,,,,,,,,,,,,,,,,,,,,,,,
,,,,,,,,,,,,,,,,,,,,,,,
,,,,,,,,,,,,,,,,,,,,,,,
,,,,,,,,,,,,,,,,,,,,,,,
,,,,,,,,,,,,,,,,,,,,,,,
,,,,,,,,,,,,,,,,,,,,,,,
,,,,,,,,,,,,,,,,,,,,,,,
,,,,,,,,,,,,,,,,,,,,,,,
,,,,,,,,,,,,,,,,,,,,,,,
,,,,,,,,,,,,,,,,,,,,,,,
,,,,,,,,,,,,,,,,,,,,,,,
,,,,,,,,,,,,,,,,,,,,,,,
,,,,,,,,,,,,,,,,,,,,,,,
,,,,,,,,,,,,,,,,,,,,,,,
,,,,,,,,,,,,,,,,,,,,,,,
,,,,,,,,,,,,,,,,,,,,,,,
,,,,,,,,,,,,,,,,,,,,,,,
,,,,,,,,,,,,,,,,,,,,,,,
,,,,,,,,,,,,,,,,,,,,,,,
,,,,,,,,,,,,,,,,,,,,,,,
,,,,,,,,,,,,,,,,,,,,,,,
,,,,,,,,,,,,,,,,,,,,,,,
,,,,,,,,,,,,,,,,,,,,,,,
,,,,,,,,,,,,,,,,,,,,,,,
,,,,,,,,,,,,,,,,,,,,,,,
,,,,,,,,,,,,,,,,,,,,,,,
,,,,,,,,,,,,,,,,,,,,,,,
,,,,,,,,,,,,,,,,,,,,,,,
,,,,,,,,,,,,,,,,,,,,,,,
,,,,,,,,,,,,,,,,,,,,,,,
,,,,,,,,,,,,,,,,,,,,,,,
,,,,,,,,,,,,,,,,,,,,,,,
,,,,,,,,,,,,,,,,,,,,,,,
,,,,,,,,,,,,,,,,,,,,,,,
,,,,,,,,,,,,,,,,,,,,,,,
,,,,,,,,,,,,,,,,,,,,,,,
,,,,,,,,,,,,,,,,,,,,,,,
,,,,,,,,,,,,,,,,,,,,,,,
,,,,,,,,,,,,,,,,,,,,,,,
,,,,,,,,,,,,,,,,,,,,,,,
,,,,,,,,,,,,,,,,,,,,,,,
,,,,,,,,,,,,,,,,,,,,,,,
,,,,,,,,,,,,,,,,,,,,,,,
,,,,,,,,,,,,,,,,,,,,,,,
,,,,,,,,,,,,,,,,,,,,,,,
,,,,,,,,,,,,,,,,,,,,,,,
,,,,,,,,,,,,,,,,,,,,,,,
,,,,,,,,,,,,,,,,,,,,,,,
,,,,,,,,,,,,,,,,,,,,,,,
,,,,,,,,,,,,,,,,,,,,,,,
,,,,,,,,,,,,,,,,,,,,,,,
,,,,,,,,,,,,,,,,,,,,,,,
,,,,,,,,,,,,,,,,,,,,,,,
,,,,,,,,,,,,,,,,,,,,,,,
,,,,,,,,,,,,,,,,,,,,,,,
,,,,,,,,,,,,,,,,,,,,,,,
,,,,,,,,,,,,,,,,,,,,,,,
,,,,,,,,,,,,,,,,,,,,,,,
,,,,,,,,,,,,,,,,,,,,,,,
,,,,,,,,,,,,,,,,,,,,,,,
,,,,,,,,,,,,,,,,,,,,,,,
,,,,,,,,,,,,,,,,,,,,,,,
,,,,,,,,,,,,,,,,,,,,,,,
,,,,,,,,,,,,,,,,,,,,,,,
,,,,,,,,,,,,,,,,,,,,,,,
,,,,,,,,,,,,,,,,,,,,,,,
,,,,,,,,,,,,,,,,,,,,,,,
,,,,,,,,,,,,,,,,,,,,,,,
,,,,,,,,,,,,,,,,,,,,,,,
,,,,,,,,,,,,,,,,,,,,,,,
,,,,,,,,,,,,,,,,,,,,,,,
,,,,,,,,,,,,,,,,,,,,,,,
,,,,,,,,,,,,,,,,,,,,,,,
,,,,,,,,,,,,,,,,,,,,,,,
,,,,,,,,,,,,,,,,,,,,,,,
,,,,,,,,,,,,,,,,,,,,,,,
,,,,,,,,,,,,,,,,,,,,,,,
,,,,,,,,,,,,,,,,,,,,,,,
,,,,,,,,,,,,,,,,,,,,,,,
,,,,,,,,,,,,,,,,,,,,,,,
,,,,,,,,,,,,,,,,,,,,,,,
,,,,,,,,,,,,,,,,,,,,,,,
,,,,,,,,,,,,,,,,,,,,,,,
,,,,,,,,,,,,,,,,,,,,,,,
,,,,,,,,,,,,,,,,,,,,,,,
,,,,,,,,,,,,,,,,,,,,,,,
,,,,,,,,,,,,,,,,,,,,,,,
,,,,,,,,,,,,,,,,,,,,,,,
,,,,,,,,,,,,,,,,,,,,,,,
,,,,,,,,,,,,,,,,,,,,,,,
,,,,,,,,,,,,,,,,,,,,,,,
,,,,,,,,,,,,,,,,,,,,,,,
,,,,,,,,,,,,,,,,,,,,,,,
,,,,,,,,,,,,,,,,,,,,,,,
,,,,,,,,,,,,,,,,,,,,,,,
,,,,,,,,,,,,,,,,,,,,,,,
,,,,,,,,,,,,,,,,,,,,,,,
,,,,,,,,,,,,,,,,,,,,,,,
,,,,,,,,,,,,,,,,,,,,,,,
,,,,,,,,,,,,,,,,,,,,,,,
,,,,,,,,,,,,,,,,,,,,,,,
,,,,,,,,,,,,,,,,,,,,,,,
,,,,,,,,,,,,,,,,,,,,,,,
,,,,,,,,,,,,,,,,,,,,,,,
,,,,,,,,,,,,,,,,,,,,,,,
,,,,,,,,,,,,,,,,,,,,,,,
,,,,,,,,,,,,,,,,,,,,,,,
,,,,,,,,,,,,,,,,,,,,,,,
,,,,,,,,,,,,,,,,,,,,,,,
,,,,,,,,,,,,,,,,,,,,,,,
,,,,,,,,,,,,,,,,,,,,,,,
,,,,,,,,,,,,,,,,,,,,,,,
,,,,,,,,,,,,,,,,,,,,,,,
,,,,,,,,,,,,,,,,,,,,,,,
,,,,,,,,,,,,,,,,,,,,,,,
,,,,,,,,,,,,,,,,,,,,,,,
,,,,,,,,,,,,,,,,,,,,,,,
,,,,,,,,,,,,,,,,,,,,,,,
,,,,,,,,,,,,,,,,,,,,,,,
,,,,,,,,,,,,,,,,,,,,,,,
,,,,,,,,,,,,,,,,,,,,,,,
,,,,,,,,,,,,,,,,,,,,,,,
,,,,,,,,,,,,,,,,,,,,,,,
,,,,,,,,,,,,,,,,,,,,,,,
,,,,,,,,,,,,,,,,,,,,,,,
,,,,,,,,,,,,,,,,,,,,,,,
,,,,,,,,,,,,,,,,,,,,,,,
,,,,,,,,,,,,,,,,,,,,,,,
,,,,,,,,,,,,,,,,,,,,,,,
,,,,,,,,,,,,,,,,,,,,,,,
,,,,,,,,,,,,,,,,,,,,,,,
,,,,,,,,,,,,,,,,,,,,,,,
,,,,,,,,,,,,,,,,,,,,,,,
,,,,,,,,,,,,,,,,,,,,,,,
,,,,,,,,,,,,,,,,,,,,,,,
,,,,,,,,,,,,,,,,,,,,,,,
,,,,,,,,,,,,,,,,,,,,,,,
,,,,,,,,,,,,,,,,,,,,,,,
,,,,,,,,,,,,,,,,,,,,,,,
,,,,,,,,,,,,,,,,,,,,,,,
,,,,,,,,,,,,,,,,,,,,,,,
,,,,,,,,,,,,,,,,,,,,,,,
,,,,,,,,,,,,,,,,,,,,,,,
,,,,,,,,,,,,,,,,,,,,,,,
,,,,,,,,,,,,,,,,,,,,,,,
,,,,,,,,,,,,,,,,,,,,,,,
,,,,,,,,,,,,,,,,,,,,,,,
,,,,,,,,,,,,,,,,,,,,,,,
,,,,,,,,,,,,,,,,,,,,,,,
,,,,,,,,,,,,,,,,,,,,,,,
,,,,,,,,,,,,,,,,,,,,,,,
,,,,,,,,,,,,,,,,,,,,,,,
,,,,,,,,,,,,,,,,,,,,,,,
,,,,,,,,,,,,,,,,,,,,,,,
,,,,,,,,,,,,,,,,,,,,,,,
,,,,,,,,,,,,,,,,,,,,,,,
,,,,,,,,,,,,,,,,,,,,,,,
,,,,,,,,,,,,,,,,,,,,,,,
,,,,,,,,,,,,,,,,,,,,,,,
,,,,,,,,,,,,,,,,,,,,,,,
,,,,,,,,,,,,,,,,,,,,,,,
,,,,,,,,,,,,,,,,,,,,,,,
,,,,,,,,,,,,,,,,,,,,,,,
,,,,,,,,,,,,,,,,,,,,,,,
,,,,,,,,,,,,,,,,,,,,,,,
,,,,,,,,,,,,,,,,,,,,,,,
,,,,,,,,,,,,,,,,,,,,,,,
,,,,,,,,,,,,,,,,,,,,,,,
,,,,,,,,,,,,,,,,,,,,,,,
,,,,,,,,,,,,,,,,,,,,,,,
,,,,,,,,,,,,,,,,,,,,,,,
,,,,,,,,,,,,,,,,,,,,,,,
,,,,,,,,,,,,,,,,,,,,,,,
,,,,,,,,,,,,,,,,,,,,,,,
,,,,,,,,,,,,,,,,,,,,,,,
,,,,,,,,,,,,,,,,,,,,,,,
,,,,,,,,,,,,,,,,,,,,,,,
,,,,,,,,,,,,,,,,,,,,,,,
,,,,,,,,,,,,,,,,,,,,,,,
,,,,,,,,,,,,,,,,,,,,,,,
,,,,,,,,,,,,,,,,,,,,,,,
,,,,,,,,,,,,,,,,,,,,,,,
,,,,,,,,,,,,,,,,,,,,,,,
,,,,,,,,,,,,,,,,,,,,,,,
,,,,,,,,,,,,,,,,,,,,,,,
,,,,,,,,,,,,,,,,,,,,,,,
,,,,,,,,,,,,,,,,,,,,,,,
,,,,,,,,,,,,,,,,,,,,,,,
,,,,,,,,,,,,,,,,,,,,,,,
,,,,,,,,,,,,,,,,,,,,,,,
,,,,,,,,,,,,,,,,,,,,,,,
,,,,,,,,,,,,,,,,,,,,,,,
,,,,,,,,,,,,,,,,,,,,,,,
,,,,,,,,,,,,,,,,,,,,,,,
,,,,,,,,,,,,,,,,,,,,,,,
,,,,,,,,,,,,,,,,,,,,,,,
,,,,,,,,,,,,,,,,,,,,,,,
,,,,,,,,,,,,,,,,,,,,,,,
,,,,,,,,,,,,,,,,,,,,,,,
,,,,,,,,,,,,,,,,,,,,,,,
,,,,,,,,,,,,,,,,,,,,,,,
,,,,,,,,,,,,,,,,,,,,,,,
,,,,,,,,,,,,,,,,,,,,,,,
,,,,,,,,,,,,,,,,,,,,,,,
,,,,,,,,,,,,,,,,,,,,,,,
,,,,,,,,,,,,,,,,,,,,,,,
,,,,,,,,,,,,,,,,,,,,,,,
,,,,,,,,,,,,,,,,,,,,,,,
,,,,,,,,,,,,,,,,,,,,,,,
,,,,,,,,,,,,,,,,,,,,,,,
,,,,,,,,,,,,,,,,,,,,,,,
,,,,,,,,,,,,,,,,,,,,,,,
,,,,,,,,,,,,,,,,,,,,,,,
,,,,,,,,,,,,,,,,,,,,,,,
,,,,,,,,,,,,,,,,,,,,,,,
,,,,,,,,,,,,,,,,,,,,,,,
,,,,,,,,,,,,,,,,,,,,,,,
,,,,,,,,,,,,,,,,,,,,,,,
,,,,,,,,,,,,,,,,,,,,,,,
,,,,,,,,,,,,,,,,,,,,,,,
,,,,,,,,,,,,,,,,,,,,,,,
,,,,,,,,,,,,,,,,,,,,,,,
,,,,,,,,,,,,,,,,,,,,,,,
,,,,,,,,,,,,,,,,,,,,,,,
,,,,,,,,,,,,,,,,,,,,,,,
,,,,,,,,,,,,,,,,,,,,,,,
,,,,,,,,,,,,,,,,,,,,,,,
,,,,,,,,,,,,,,,,,,,,,,,
,,,,,,,,,,,,,,,,,,,,,,,
,,,,,,,,,,,,,,,,,,,,,,,
,,,,,,,,,,,,,,,,,,,,,,,
,,,,,,,,,,,,,,,,,,,,,,,
,,,,,,,,,,,,,,,,,,,,,,,
,,,,,,,,,,,,,,,,,,,,,,,
,,,,,,,,,,,,,,,,,,,,,,,
,,,,,,,,,,,,,,,,,,,,,,,
,,,,,,,,,,,,,,,,,,,,,,,
,,,,,,,,,,,,,,,,,,,,,,,
,,,,,,,,,,,,,,,,,,,,,,,
,,,,,,,,,,,,,,,,,,,,,,,
,,,,,,,,,,,,,,,,,,,,,,,
,,,,,,,,,,,,,,,,,,,,,,,
,,,,,,,,,,,,,,,,,,,,,,,
,,,,,,,,,,,,,,,,,,,,,,,
,,,,,,,,,,,,,,,,,,,,,,,
,,,,,,,,,,,,,,,,,,,,,,,
,,,,,,,,,,,,,,,,,,,,,,,
,,,,,,,,,,,,,,,,,,,,,,,
,,,,,,,,,,,,,,,,,,,,,,,
,,,,,,,,,,,,,,,,,,,,,,,
,,,,,,,,,,,,,,,,,,,,,,,
